InternalID,StudentID,FirstName,LastName,ProgramID,Year,Gender
258,2024-0258,Susan,Huber,22,1,O
259,2024-0259,Michele,Johnson,36,4,F
260,2024-0260,Monica,Bean,13,4,O
261,2024-0261,Eric,Anderson,25,4,F
262,2024-0262,Sarah,Carney,29,3,M
263,2024-0263,Kelly,Ward,14,4,F
264,2024-0264,Rebekah,Adams,21,3,O
265,2024-0265,Fred,Strickland,47,1,F
266,2024-0266,James,Molina,3,4,O
267,2024-0267,David,Ray,35,1,O
268,2024-0268,Kyle,Gonzales,20,1,O
269,2024-0269,Penny,Carpenter,22,4,M
270,2024-0270,Lori,Webb,32,5,M
271,2024-0271,Mary,Martin,19,5,F
272,2024-0272,James,Daniel,11,1,M
273,2024-0273,Douglas,Martin,7,4,F
274,2024-0274,Danielle,Strickland,13,2,M
275,2024-0275,Tommy,Rojas,18,3,F
276,2024-0276,James,Hall,32,5,M
277,2024-0277,Sean,Moore,29,1,F
278,2024-0278,Hannah,Barnes,39,2,O
279,2024-0279,Wendy,Velasquez,2,1,O
280,2024-0280,Mark,Carlson,10,5,F
281,2024-0281,Dalton,Collins,47,2,M
282,2024-0282,Thomas,Walker,16,5,O
283,2024-0283,Jennifer,Meyer,46,3,F
284,2024-0284,Justin,Fuentes,36,4,O
285,2024-0285,Adrian,May,7,5,O
286,2024-0286,Jennifer,Wilkinson,30,3,F
287,2024-0287,Brian,Berry,28,2,F
288,2024-0288,Paul,Jacobs,7,2,M
289,2024-0289,Jennifer,Davis,32,2,O
290,2024-0290,Mary,Rogers,30,1,O
291,2024-0291,Brian,Coleman,19,2,O
292,2024-0292,Chris,Jones,15,5,M
293,2024-0293,Curtis,Cisneros,11,5,F
294,2024-0294,Julie,Martin,7,1,F
295,2024-0295,Gina,Hart,22,5,F
296,2024-0296,Jason,Watkins,33,4,M
297,2024-0297,Steve,Sanchez,7,3,M
298,2024-0298,Leonard,Brown,45,3,F
299,2024-0299,Jenna,Mueller,26,3,O
300,2024-0300,Sherry,Phillips,2,4,F
301,2024-0301,Joseph,Martin,31,1,O
302,2024-0302,Timothy,Holmes,6,1,F
303,2024-0303,Patty,Ward,34,1,O
304,2024-0304,Nicole,Estrada,28,2,O
305,2024-0305,Robert,Jarvis,30,2,F
306,2024-0306,Alfred,Brown,38,5,O
307,2024-0307,Amanda,Brown,22,1,M
308,2024-0308,Andrew,Wood,10,3,M
309,2024-0309,Christopher,Williams,34,5,O
310,2024-0310,Gregory,Bennett,4,2,M
311,2024-0311,Vanessa,Khan,7,3,M
312,2024-0312,Pamela,Frank,7,4,O
313,2024-0313,Alyssa,Johnson,39,1,M
314,2024-0314,James,Harrell,15,2,O
315,2024-0315,Brian,Ayala,31,2,M
316,2024-0316,Elizabeth,Howell,23,5,M
317,2024-0317,Virginia,Byrd,21,4,M
318,2024-0318,James,Garcia,9,4,F
319,2024-0319,David,Hodges,44,5,F
320,2024-0320,Chad,Valdez,36,5,O
321,2024-0321,George,Harris,11,1,M
322,2024-0322,Lori,Meyers,9,5,F
323,2024-0323,Jacob,Jimenez,35,1,O
324,2024-0324,Katie,Lopez,23,4,F
325,2024-0325,Jason,Mclaughlin,8,4,F
326,2024-0326,Dennis,Johnson,28,2,O
327,2024-0327,Sabrina,Smith,10,3,O
328,2024-0328,Deborah,Ramirez,23,4,F
329,2024-0329,Richard,Castillo,30,5,O
330,2024-0330,Luke,Ellis,42,4,M
331,2024-0331,Christopher,Mills,40,2,O
332,2024-0332,Joseph,Anderson,41,1,O
333,2024-0333,Paul,Smith,19,3,M
334,2024-0334,Lisa,Espinoza,21,5,O
335,2024-0335,Ricky,Lynn,33,5,M
336,2024-0336,Nathaniel,Black,47,1,M
337,2024-0337,Katie,Wright,23,5,O
338,2024-0338,Shannon,Bowman,3,1,F
339,2024-0339,Dawn,Johnson,31,3,F
340,2024-0340,Leslie,Larson,13,1,M
341,2024-0341,Connie,Herring,32,1,F
342,2024-0342,Brad,Frye,31,3,M
343,2024-0343,Kathy,Nelson,13,5,F
344,2024-0344,Debbie,Bond,15,2,O
345,2024-0345,Cody,Moore,35,3,F
346,2024-0346,Melanie,Fields,30,4,M
347,2024-0347,Jacob,Torres,33,3,M
348,2024-0348,Jose,Johnson,32,2,O
349,2024-0349,Gregory,Diaz,24,1,O
350,2024-0350,Vanessa,Price,25,1,F
351,2024-0351,Krystal,Davis,6,5,O
352,2024-0352,Mary,Hernandez,47,3,O
353,2024-0353,Thomas,Dominguez,23,1,F
354,2024-0354,Michelle,Lucero,25,5,O
355,2024-0355,Kevin,Pena,26,3,M
356,2024-0356,Christy,Thomas,35,3,M
357,2024-0357,Jeffrey,Brandt,28,3,O
358,2024-0358,Harold,Brown,19,3,O
359,2024-0359,Lisa,Williams,24,4,O
360,2024-0360,Michael,Garcia,47,3,F
361,2024-0361,Emma,Harrison,33,2,M
362,2024-0362,April,Robles,34,4,O
363,2024-0363,Andrew,Johnson,15,3,M
364,2024-0364,Jordan,Coffey,41,3,F
365,2024-0365,Sean,Warren,44,3,O
366,2024-0366,Aaron,White,35,3,M
367,2024-0367,Jason,Watson,10,4,M
368,2024-0368,Xavier,Price,16,5,M
369,2024-0369,Edwin,Sims,8,2,O
370,2024-0370,Joshua,Collins,6,1,F
114,2024-0114,Erin,Gonzalez,46,3,F
371,2024-0371,Jeffrey,Pratt,4,3,M
115,2024-0115,Andrew,Brown,14,1,M
372,2024-0372,Hannah,Petty,6,1,M
116,2024-0116,Steven,Fischer,14,2,M
373,2024-0373,Adrian,Tyler,1,3,O
442,2024-0442,Donald,Stewart,16,5,O
443,2024-0443,Megan,Griffith,44,4,F
444,2024-0444,Levi,Castro,12,2,O
445,2024-0445,Jorge,Delgado,3,1,F
446,2024-0446,Valerie,White,33,5,F
447,2024-0447,Jesus,Mitchell,38,4,F
448,2024-0448,Tammy,Blankenship,26,1,M
449,2024-0449,Dawn,Castillo,44,4,O
450,2024-0450,Jessica,Buchanan,36,5,F
451,2024-0451,Cynthia,Smith,25,5,F
452,2024-0452,Kevin,Robinson,5,5,O
453,2024-0453,Nicholas,Flores,26,3,F
454,2024-0454,Jill,Ramirez,20,1,M
455,2024-0455,Justin,Collins,17,5,O
456,2024-0456,John,Moore,7,2,M
457,2024-0457,David,Anderson,45,2,F
458,2024-0458,Rebekah,Stewart,11,3,M
459,2024-0459,Angel,Harris,7,1,M
460,2024-0460,Debbie,Hicks,19,5,F
461,2024-0461,Laura,Williams,30,1,F
462,2024-0462,Kevin,Reed,17,2,O
463,2024-0463,Megan,Fuller,26,2,M
464,2024-0464,Amber,Warren,19,4,F
465,2024-0465,Janet,King,17,1,O
466,2024-0466,Dylan,Martin,39,3,F
467,2024-0467,Brooke,Jordan,9,5,M
468,2024-0468,Mark,Daniel,25,2,M
469,2024-0469,Bryan,Foster,41,1,O
470,2024-0470,Jeremiah,Garcia,8,2,M
471,2024-0471,Amy,Bryant,6,2,M
488,2024-0488,Joshua,Ross,7,2,M
489,2024-0489,Brian,Burns,12,3,O
490,2024-0490,Deborah,Case,29,2,M
491,2024-0491,Kimberly,Baker,34,4,M
492,2024-0492,Christopher,Wilson,11,2,O
493,2024-0493,Brenda,Martinez,35,4,O
494,2024-0494,Jared,Thomas,14,2,F
495,2024-0495,Eric,Nelson,22,5,O
496,2024-0496,Stephanie,Marshall,32,2,M
497,2024-0497,Roberta,Escobar,6,5,M
498,2024-0498,Kristin,Benton,33,5,O
499,2024-0499,Shannon,Hutchinson,41,1,F
500,2024-0500,Edward,Williams,41,3,O
487,2024-0487,Diana,Miller,47,2,M
486,2024-0486,Kim,Smith,8,2,O
485,2024-0485,Brandon,Brown,33,1,F
484,2024-0484,Kathleen,Ford,18,2,O
483,2024-0483,Ashley,Gardner,25,3,O
482,2024-0482,Daniel,Carney,46,3,M
481,2024-0481,Scott,Anderson,29,1,O
480,2024-0480,Charles,Martin,32,1,F
479,2024-0479,Keith,Brown,5,2,M
478,2024-0478,Jeremiah,Tapia,22,2,O
477,2024-0477,Kelli,Fischer,42,1,O
476,2024-0476,Eric,Jackson,45,4,O
475,2024-0475,Aaron,Martinez,6,3,O
474,2024-0474,Alec,Cohen,12,1,O
473,2024-0473,Alex,Johnson,7,4,F
472,2024-0472,Mary,West,39,1,M
441,2024-0441,Tammy,Davis,31,3,O
440,2024-0440,Justin,Hall,43,2,F
439,2024-0439,Daniel,Bradford,45,1,F
438,2024-0438,Amy,Richmond,36,4,F
437,2024-0437,Deanna,Roberts,23,4,O
436,2024-0436,John,Johnson,4,5,O
435,2024-0435,Victor,Tran,6,4,M
434,2024-0434,Melissa,Ford,9,5,O
433,2024-0433,Donna,Odom,24,4,F
432,2024-0432,Sarah,Clements,15,2,O
431,2024-0431,Lisa,Peterson,28,3,M
430,2024-0430,Corey,Coleman,40,3,O
429,2024-0429,Kyle,Trujillo,43,1,F
428,2024-0428,Thomas,Melendez,5,4,F
427,2024-0427,Emily,Clark,13,3,F
426,2024-0426,Alexandra,Kerr,13,1,F
425,2024-0425,Michael,Smith,9,3,M
424,2024-0424,Benjamin,Dawson,17,1,O
423,2024-0423,Erica,Rangel,23,4,M
422,2024-0422,Gregory,Turner,47,1,M
421,2024-0421,Barbara,Murphy,32,1,F
420,2024-0420,Victoria,Bishop,27,1,F
419,2024-0419,Crystal,Jackson,40,1,M
418,2024-0418,Alexander,Blair,10,4,M
417,2024-0417,Karen,Escobar,15,2,F
416,2024-0416,Rodney,Roberts,22,4,M
415,2024-0415,Walter,Mosley,17,3,O
414,2024-0414,Jacob,Sanchez,32,4,F
413,2024-0413,Michael,Lester,33,3,F
412,2024-0412,Jeffery,Miller,15,4,M
411,2024-0411,Ryan,Schultz,16,4,F
410,2024-0410,Cody,Jones,27,4,F
409,2024-0409,Heather,Hardy,15,5,O
408,2024-0408,John,Drake,37,5,O
407,2024-0407,Leslie,Ferguson,12,1,O
406,2024-0406,Austin,Kerr,36,5,F
405,2024-0405,Bobby,Koch,38,4,M
404,2024-0404,Katherine,Ramirez,11,2,M
403,2024-0403,Nicholas,Sutton,8,2,F
402,2024-0402,Kathryn,Crawford,38,2,O
401,2024-0401,Jennifer,Brown,7,4,M
400,2024-0400,Traci,Bailey,44,3,M
399,2024-0399,Ashley,Richards,43,2,F
398,2024-0398,Julian,Alexander,26,4,F
397,2024-0397,Renee,Mcdonald,34,1,F
396,2024-0396,Molly,Collier,40,4,M
395,2024-0395,Michael,Davis,32,1,F
394,2024-0394,Michael,Allen,22,5,F
393,2024-0393,Joshua,Wood,15,4,M
392,2024-0392,Michael,Jones,3,3,O
391,2024-0391,Jacqueline,Morris,6,1,M
390,2024-0390,Andrea,White,1,4,M
389,2024-0389,Lisa,Castaneda,41,4,O
388,2024-0388,Tiffany,Serrano,46,4,M
387,2024-0387,Jennifer,Lee,43,4,F
386,2024-0386,Dana,Greene,30,3,O
385,2024-0385,Elizabeth,Joyce,38,2,F
127,2024-0127,Rachel,Rosales,4,5,M
384,2024-0384,Monica,Davis,14,4,F
126,2024-0126,Daniel,Jones,7,3,O
383,2024-0383,James,Hernandez,29,1,F
125,2024-0125,Ethan,Lopez,41,3,F
382,2024-0382,Shane,Duffy,29,4,O
124,2024-0124,Donna,Torres,15,4,M
381,2024-0381,Jason,Harrison,1,3,F
123,2024-0123,Sierra,Knight,24,3,O
132,2024-0132,Heidi,Kirby,36,1,F
133,2024-0133,Cathy,Hutchinson,36,5,F
134,2024-0134,Jerry,Stevens,45,2,O
135,2024-0135,Whitney,Hill,14,1,F
136,2024-0136,Steven,Torres,31,4,O
137,2024-0137,Kevin,Stewart,11,5,O
138,2024-0138,Caitlin,Duffy,14,2,F
139,2024-0139,James,Simmons,21,5,O
140,2024-0140,Gregory,White,18,3,M
141,2024-0141,Kevin,Miller,28,4,O
142,2024-0142,Thomas,Harris,24,5,M
143,2024-0143,Monica,Davis,42,2,F
144,2024-0144,Luke,Floyd,29,5,M
145,2024-0145,James,Jones,6,1,F
146,2024-0146,Gregory,Keller,17,4,O
147,2024-0147,Audrey,Hodge,42,5,O
148,2024-0148,Stefanie,Blackburn,46,4,F
149,2024-0149,Amanda,Green,42,2,M
150,2024-0150,Tommy,Ferguson,14,4,F
151,2024-0151,Kimberly,Ferguson,21,4,O
152,2024-0152,Nancy,Griffin,22,2,M
153,2024-0153,Michael,Harrison,4,1,O
154,2024-0154,Jessica,Burke,4,1,O
155,2024-0155,Johnathan,Morrison,31,3,O
156,2024-0156,Stephanie,Kennedy,27,2,O
157,2024-0157,James,White,32,3,F
158,2024-0158,Richard,Perez,19,1,F
159,2024-0159,Mario,Russell,30,1,F
160,2024-0160,David,Munoz,30,2,M
161,2024-0161,Anthony,Wood,1,4,F
162,2024-0162,Jessica,Craig,26,2,M
163,2024-0163,Alyssa,Hawkins,4,1,M
164,2024-0164,Ryan,Hancock,20,2,O
165,2024-0165,Ashley,Ellis,33,1,O
166,2024-0166,Tara,Pace,14,1,M
167,2024-0167,Victoria,Lee,32,5,M
168,2024-0168,Leah,Moss,15,5,M
169,2024-0169,Vanessa,Cole,6,3,F
170,2024-0170,Donna,Carpenter,30,3,F
171,2024-0171,Michael,Becker,19,4,O
172,2024-0172,Jennifer,Randolph,9,2,F
173,2024-0173,Shane,Clark,26,2,M
174,2024-0174,David,Hill,40,2,F
175,2024-0175,David,Malone,17,4,F
176,2024-0176,Debbie,Mclaughlin,16,2,F
177,2024-0177,Jose,Weeks,6,3,O
178,2024-0178,Jeffrey,Allen,27,5,M
179,2024-0179,Tracy,Allen,8,3,F
180,2024-0180,Robert,Jefferson,38,4,F
181,2024-0181,Kristine,Tanner,8,1,M
182,2024-0182,Kimberly,Smith,3,3,O
183,2024-0183,Jacob,Lopez,9,1,M
184,2024-0184,Allen,Hunter,32,1,F
185,2024-0185,Susan,Davis,41,5,O
186,2024-0186,Yvonne,Rose,46,5,O
187,2024-0187,Jennifer,Garcia,23,4,F
188,2024-0188,Mindy,Richards,35,1,F
189,2024-0189,Karen,Green,3,2,F
190,2024-0190,Shannon,Baker,1,4,F
191,2024-0191,Brandon,Roberts,31,4,O
192,2024-0192,George,Solomon,11,1,O
193,2024-0193,Scott,Berry,32,2,M
194,2024-0194,Sydney,Orr,16,2,O
195,2024-0195,Jerry,Murillo,16,3,O
196,2024-0196,Joshua,Edwards,1,2,O
197,2024-0197,Wayne,Oconnell,10,2,O
198,2024-0198,Jessica,Wilkerson,25,5,O
199,2024-0199,Jennifer,Garrison,14,2,M
230,2024-0230,Eric,Bryant,9,5,M
231,2024-0231,Jean,Hernandez,29,2,M
232,2024-0232,Dean,Garrison,37,4,F
233,2024-0233,Matthew,Christensen,24,3,F
234,2024-0234,Sandra,Mccoy,41,2,M
235,2024-0235,Richard,Horton,3,5,F
236,2024-0236,Debra,Brandt,17,1,F
237,2024-0237,Christopher,Adams,20,1,O
238,2024-0238,Brenda,Patrick,1,1,O
239,2024-0239,Gregory,Graham,18,2,O
241,2024-0241,Emily,Martin,3,3,M
242,2024-0242,Andrew,Hernandez,3,5,O
243,2024-0243,Michael,Williams,13,5,M
244,2024-0244,Michelle,Estrada,45,2,M
501,2025-0943,John,Smith,48,1,M
245,2024-0245,Sarah,Smith,44,1,M
240,2024-0240,Susan,Lucero,29,3,O
206,2024-0206,Mark,Gonzales,32,1,F
254,2024-0254,Emma,Wall,47,4,M
257,2024-0257,Amy,Mann,31,3,O
256,2024-0256,Gwendolyn,Russell,44,3,O
255,2024-0255,Ruth,Smith,44,3,F
253,2024-0253,Nancy,Hodge,29,3,O
252,2024-0252,Pamela,Harris,21,4,F
251,2024-0251,Shirley,Taylor,12,2,F
250,2024-0250,Karen,Parker,36,5,F
249,2024-0249,Anthony,Browning,2,3,F
248,2024-0248,Amy,Woodward,29,1,O
247,2024-0247,Maureen,Atkinson,27,2,F
246,2024-0246,Hector,Bush,7,2,F
229,2024-0229,Makayla,Mack,36,5,F
228,2024-0228,Veronica,Hall,39,4,F
227,2024-0227,William,Fields,30,3,M
226,2024-0226,Jennifer,Wilson,2,5,O
225,2024-0225,Christopher,Ward,27,3,O
224,2024-0224,Adam,Casey,7,2,O
223,2024-0223,Amber,Moran,6,5,O
222,2024-0222,Thomas,Singh,19,1,F
221,2024-0221,Ryan,Mcpherson,26,3,O
220,2024-0220,Stacey,Combs,10,3,M
219,2024-0219,Andrea,Benjamin,34,1,M
218,2024-0218,Mary,Contreras,18,4,M
217,2024-0217,Matthew,Watson,2,5,F
216,2024-0216,Amber,Pierce,1,3,M
215,2024-0215,Julia,Ballard,11,5,F
214,2024-0214,Brandon,Thomas,14,1,M
213,2024-0213,Kelly,Small,8,3,F
212,2024-0212,Stacy,Simon,8,2,O
211,2024-0211,Leslie,Stewart,29,3,O
210,2024-0210,Christopher,Barker,11,1,M
209,2024-0209,Jennifer,Morris,14,1,F
208,2024-0208,Drew,Walker,17,2,O
207,2024-0207,Philip,Pierce,29,3,O
205,2024-0205,Jason,Steele,16,3,F
204,2024-0204,James,Hampton,27,5,M
203,2024-0203,Robert,Freeman,11,4,F
202,2024-0202,David,Fitzgerald,31,4,O
201,2024-0201,Heather,Porter,8,5,O
200,2024-0200,Ashley,Howard,43,4,M
131,2024-0131,Samuel,Olson,40,1,M
130,2024-0130,Jessica,Stokes,13,2,F
129,2024-0129,William,Martinez,40,3,O
128,2024-0128,Anne,Mcfarland,41,5,O
59,2024-0059,Lee,Foster,30,5,O
58,2024-0058,Jody,Jefferson,4,4,F
57,2024-0057,David,Cook,41,2,F
56,2024-0056,Benjamin,Hill,22,4,F
55,2024-0055,Gregory,Johnson,33,2,F
54,2024-0054,Noah,Andersen,32,4,F
53,2024-0053,Andrea,Williams,12,4,M
52,2024-0052,Melissa,Klein,37,5,F
51,2024-0051,Juan,Lee,27,3,F
50,2024-0050,Bradley,Rodriguez,30,2,F
49,2024-0049,Edward,Roberts,3,5,O
48,2024-0048,Cynthia,Wilson,45,1,M
47,2024-0047,Jay,Bradley,18,1,O
46,2024-0046,David,Parker,46,3,O
45,2024-0045,Ethan,Anderson,25,5,O
44,2024-0044,Amber,Mitchell,30,5,F
43,2024-0043,Dakota,Santiago,34,5,M
42,2024-0042,Lindsey,Bennett,40,4,F
41,2024-0041,Jessica,Ramirez,12,5,O
40,2024-0040,Rebecca,Wagner,25,4,O
39,2024-0039,Michael,Smith,34,1,F
38,2024-0038,Kaitlin,Jones,38,2,O
37,2024-0037,Andrew,Curry,30,4,M
36,2024-0036,Julie,Brown,32,2,O
35,2024-0035,Richard,Simon,16,3,O
34,2024-0034,Karen,King,23,2,M
33,2024-0033,Sarah,Stevens,44,4,M
32,2024-0032,Jonathan,Brown,47,1,O
31,2024-0031,John,Anderson,41,5,M
30,2024-0030,Rick,Sexton,11,3,O
13,2024-0013,Allen,Christensen,45,1,M
12,2024-0012,Kimberly,Oconnor,42,3,M
11,2024-0011,Christina,Garner,15,4,O
10,2024-0010,Lauren,Conner,31,1,M
9,2024-0009,Kathryn,Gonzales,17,4,F
8,2024-0008,Matthew,Brown,19,1,F
7,2024-0007,David,Hodge,11,3,O
6,2024-0006,William,Perez,9,2,M
5,2024-0005,Bruce,Harris,45,4,M
4,2024-0004,Nathaniel,Hurley,25,1,O
3,2024-0003,Leslie,Miller,41,5,F
2,2024-0002,Rachel,Morgan,37,4,F
1,2024-0001,Joseph,Farmer,18,3,F
14,2024-0014,Tracey,Stephens,34,5,F
15,2024-0015,Erica,Sanchez,28,1,M
16,2024-0016,Christina,Green,7,3,O
17,2024-0017,Laura,Foster,42,2,M
18,2024-0018,Ryan,Schwartz,8,5,M
19,2024-0019,Stacy,Moon,16,4,F
20,2024-0020,Darren,Galvan,26,3,M
21,2024-0021,Shelly,Richards,43,5,O
22,2024-0022,David,Parker,30,3,M
23,2024-0023,Jennifer,Gibson,45,5,O
24,2024-0024,Michael,Mckee,7,4,O
25,2024-0025,Stacey,Frazier,16,2,M
26,2024-0026,Jodi,Henry,37,1,M
27,2024-0027,Brooke,Patterson,21,2,O
28,2024-0028,Eric,Vazquez,18,2,O
29,2024-0029,Edward,Wagner,32,3,O
60,2024-0060,David,Barrera,15,5,F
61,2024-0061,Teresa,Brown,11,1,O
62,2024-0062,Adrian,Mitchell,5,3,M
63,2024-0063,Joshua,Cruz,1,1,F
64,2024-0064,Michelle,Green,32,4,M
65,2024-0065,Laura,Kelly,21,2,F
66,2024-0066,Karen,Clark,30,2,M
67,2024-0067,Candace,Smith,16,1,M
68,2024-0068,Daniel,Brady,23,1,M
69,2024-0069,David,Ball,44,2,F
70,2024-0070,Taylor,Padilla,9,1,M
71,2024-0071,Jared,Gomez,7,4,O
72,2024-0072,Mario,Gross,45,3,O
73,2024-0073,Holly,Lee,15,2,O
74,2024-0074,Dana,Cox,38,3,M
75,2024-0075,Emily,Brown,39,1,F
76,2024-0076,Jennifer,Frey,1,3,M
77,2024-0077,Nicole,Savage,31,5,M
78,2024-0078,Chase,Perry,42,3,M
79,2024-0079,Thomas,Lopez,46,2,O
80,2024-0080,Travis,Brown,2,3,F
81,2024-0081,Emily,Scott,47,1,F
82,2024-0082,Christine,Taylor,20,5,O
83,2024-0083,Arthur,Irwin,26,1,O
84,2024-0084,Anthony,Pope,1,4,M
85,2024-0085,Herbert,Mckenzie,23,3,O
86,2024-0086,Jordan,Henry,14,5,F
87,2024-0087,Brenda,Oneal,25,2,M
88,2024-0088,Richard,Smith,21,5,M
89,2024-0089,Vicki,Young,5,2,M
90,2024-0090,Christopher,Walker,40,1,O
91,2024-0091,Amy,Parks,17,1,M
92,2024-0092,Kristin,Mckinney,11,5,O
93,2024-0093,Michelle,Richards,35,1,O
94,2024-0094,James,Smith,18,1,M
95,2024-0095,Denise,Beard,30,5,O
96,2024-0096,Victoria,Vazquez,34,1,M
97,2024-0097,Diana,Howard,11,3,O
98,2024-0098,Theresa,Mcdonald,13,1,F
99,2024-0099,John,Stephens,12,2,O
100,2024-0100,Michelle,Cooke,9,3,M
101,2024-0101,Robert,Lane,20,4,M
102,2024-0102,Rebecca,Mathews,22,4,O
103,2024-0103,Sierra,Francis,38,4,O
104,2024-0104,James,Mays,45,1,F
105,2024-0105,William,Coleman,18,3,O
106,2024-0106,Cody,Dougherty,10,5,O
107,2024-0107,Christopher,Fisher,3,5,M
108,2024-0108,Shawn,Hunter,24,3,O
109,2024-0109,Kayla,Combs,4,1,O
110,2024-0110,John,Malone,24,3,F
111,2024-0111,Maria,Zamora,26,2,M
112,2024-0112,Kenneth,Beltran,45,3,O
113,2024-0113,Edward,Aguilar,39,2,M
374,2024-0374,Isabella,Cummings,41,4,M
117,2024-0117,Teresa,Jackson,36,5,M
375,2024-0375,Christopher,Levine,4,1,M
118,2024-0118,Susan,Mejia,3,4,F
376,2024-0376,Melissa,Mcdowell,35,1,M
119,2024-0119,Darrell,Clark,27,5,F
377,2024-0377,Diana,Porter,9,3,O
120,2024-0120,William,Thompson,38,4,O
378,2024-0378,Morgan,Johnson,9,4,F
121,2024-0121,Stephanie,Moore,15,2,F
379,2024-0379,Adam,Scott,20,4,O
122,2024-0122,William,Patterson,8,3,M
380,2024-0380,Maria,Davis,38,4,M
